distancia_km,peso_kg,volumen_m3,temperatura_c,hora_dia,dia_semana,tipo_vehiculo,zona_entrega,prioridad,experiencia_conductor_anos,trafico,clima,estado_entrega
38.07947176588889,35.059004843977384,0.3710807247484007,18.35868033112981,6,Domingo,Furgon,Industrial,Alta,19.102851511329813,Medio,Nieve,Demorada
95.1207163345817,27.036770134033958,1.0842599938093378,16.563184493337893,2,Lunes,Moto,Rural,Baja,22.446984939956877,Bajo,Nublado,Fallida
73.46740023932911,15.821617006173224,1.7460187259169402,-3.846107038710394,22,Domingo,Furgon,Industrial,Baja,6.751256285126164,Alto,Nublado,Fallida
60.26718993550662,40.78285347549396,1.4647175479327128,10.356152243177036,13,Jueves,Camioneta,Rural,Alta,15.861732572953072,Critico,Nublado,Demorada
16.445845403801215,34.394193041417026,1.613315734575038,12.108802845363567,23,Martes,Moto,Urbana,Alta,24.777531219480913,Critico,Tormenta,Fallida
16.443457513284063,8.549538497572119,1.317907950054724,12.947025140360523,9,Martes,Moto,Rural,Urgente,13.893441415125343,Bajo,Tormenta,Demorada
6.750277604651747,45.5908956324452,1.384860852471187,21.107756615229953,15,Martes,Camioneta,Industrial,Urgente,8.35372639120719,Medio,Nieve,Demorada
86.75143843171858,41.215593524696864,1.6985421074790732,19.01211460270953,15,Jueves,Camioneta,Suburbana,Alta,19.64127226068897,Medio,Tormenta,Fallida
60.510386162577674,47.51509570795024,0.5000863497095127,22.355729175705008,21,Sabado,Moto,Rural,Urgente,24.713021873973688,Critico,Nieve,Fallida
71.09918520180851,36.42311566522382,0.9793605023226378,29.419746769395772,9,Lunes,Camioneta,Rural,Alta,1.8942087878217395,Medio,Tormenta,Fallida
3.0378649352844422,30.864052198821597,0.44319767419738487,31.584358242224205,12,Domingo,Auto,Urbana,Baja,23.303714502216813,Bajo,Soleado,Exitosa
97.02107536403744,21.203030296385634,1.9753483479852973,27.315538430192248,5,Jueves,Furgon,Industrial,Baja,24.649437988853137,Critico,Soleado,Fallida
83.41182143924175,46.670059926023654,1.8881746200335399,37.99856631797206,11,Martes,Furgon,Rural,Media,13.845687827658203,Alto,Nieve,Fallida
22.02157195714934,43.370162530270214,0.0798141959256433,-4.179533779563727,8,Viernes,Furgon,Rural,Baja,29.49916970455402,Alto,Tormenta,Fallida
19.00067175350296,2.7383241702563756,1.4114447698588612,3.810009355759574,12,Miercoles,Auto,Rural,Alta,23.601250221219274,Medio,Tormenta,Demorada
19.15704647548995,1.8051652376139742,1.850571386513916,-4.659670625983605,3,Domingo,Camioneta,Rural,Urgente,23.209876946869972,Critico,Nublado,Fallida
31.119982052994235,19.134936660463456,0.36197011490953973,24.136362136957136,23,Jueves,Camioneta,Suburbana,Media,22.435157232362155,Critico,Lluvia,Demorada
52.950886731591545,40.622389873700726,1.1363225158747063,35.41137470274941,10,Jueves,Moto,Industrial,Urgente,4.51824309654822,Alto,Nieve,Fallida
43.76255684556946,49.37016840108975,1.8310611068784957,5.956703345933468,19,Lunes,Camioneta,Urbana,Alta,6.516926593590324,Critico,Lluvia,Demorada
29.83168487960615,7.945636109624645,0.0688580111930119,36.7165545158338,17,Lunes,Moto,Urbana,Baja,13.91970394393275,Critico,Lluvia,Demorada
61.573436577515565,29.909470409930687,1.395143114226433,-2.287967436969762,10,Jueves,Auto,Suburbana,Media,7.920130498783976,Critico,Nieve,Fallida
14.809892204552142,19.354097403235563,0.595400665737729,37.04962120624814,20,Martes,Furgon,Industrial,Alta,12.457229170021213,Medio,Tormenta,Demorada
29.922320204986598,48.51076269182286,1.8488679945576842,10.823020925783549,3,Miercoles,Furgon,Rural,Media,26.65392329768762,Critico,Nieve,Fallida
37.269822486075476,42.18488669521758,1.9421454320855702,-0.4360627197852569,17,Domingo,Furgon,Suburbana,Media,24.729806756378075,Bajo,Lluvia,Demorada
46.150928437486556,41.997270883201324,1.8885887117377544,16.864229163384653,0,Lunes,Camioneta,Industrial,Baja,18.901196354399467,Medio,Tormenta,Fallida
78.73242017790835,23.70031140985103,0.9489542190982702,6.554945547422857,6,Domingo,Moto,Rural,Alta,25.743611827533105,Critico,Soleado,Fallida
20.767704433677615,21.033565365714427,1.7242232593276374,7.819280588286528,5,Martes,Moto,Suburbana,Urgente,23.513171670517476,Critico,Nieve,Fallida
51.909209402947546,14.03365006056996,1.6892542476716057,8.828048421682896,14,Domingo,Auto,Industrial,Media,12.869547955226714,Bajo,Nieve,Demorada
59.64904231734221,3.290587084220892,0.638881846013268,31.136165402469857,17,Viernes,Camioneta,Urbana,Media,6.031954561498354,Medio,Tormenta,Demorada
5.598590859279775,43.303757624625135,1.658002032827204,19.262257450386453,23,Lunes,Auto,Urbana,Urgente,15.426031200280176,Alto,Soleado,Demorada
61.146940338242395,40.73859995193884,0.07497826179626975,9.008846462020164,10,Martes,Moto,Industrial,Alta,22.086866475856503,Alto,Soleado,Demorada
17.88188824504186,49.986024827663464,1.192943487085624,22.465020248991326,19,Martes,Moto,Urbana,Media,13.09258796188779,Medio,Tormenta,Demorada
7.4401077055426725,49.83352343515832,0.4607876657381184,27.22678034004371,23,Miercoles,Furgon,Industrial,Media,20.003157293516917,Critico,Nublado,Demorada
94.93966818807999,27.993869427330058,0.24201320466878035,7.268080033009019,14,Miercoles,Camioneta,Rural,Media,2.8298227887313088,Critico,Nieve,Fallida
96.59757127438138,38.56487705143527,0.1548294500567891,13.609709568640817,15,Viernes,Moto,Industrial,Alta,22.440142091142103,Alto,Nieve,Fallida
81.03133746352965,47.26590362918019,1.3928812629804013,0.4848742001626398,6,Martes,Furgon,Rural,Alta,24.38140859679186,Alto,Lluvia,Fallida
31.156763148163698,42.557545838531865,0.6804100525723642,3.1517207290606137,20,Sabado,Camioneta,Suburbana,Urgente,21.205135673416233,Alto,Tormenta,Fallida
10.669539286632004,12.743731036288285,1.4498087762859941,25.650303428424227,9,Martes,Auto,Industrial,Alta,29.017907625790965,Bajo,Lluvia,Exitosa
68.73906962470353,22.801934697849628,0.1316473252570858,3.1647256463032125,11,Miercoles,Camioneta,Suburbana,Alta,24.799561723819213,Alto,Lluvia,Exitosa
44.57509688022053,6.893391049999002,0.63126538532339,18.63235226501771,23,Sabado,Camioneta,Urbana,Baja,27.09281183629615,Bajo,Soleado,Demorada
13.081785249633104,47.725525849306756,1.079443093458299,26.90708177750947,13,Lunes,Moto,Rural,Urgente,28.00713250372944,Medio,Nieve,Demorada
50.02251410101575,30.505644405318563,1.581655606513088,-0.19053846073652725,4,Lunes,Moto,Industrial,Media,24.04043975621426,Critico,Lluvia,Fallida
4.404463590406621,11.817818872421405,0.6381862533612078,20.529049883300658,20,Domingo,Camioneta,Suburbana,Alta,20.227765260194975,Alto,Soleado,Demorada
91.02271980579943,33.74918387808991,1.252156861497581,6.545325266561369,17,Jueves,Moto,Rural,Media,0.17155744082367863,Critico,Tormenta,Fallida
26.619218178401674,31.097347902665845,1.772069518724138,38.33170938569109,4,Miercoles,Moto,Rural,Media,13.974772596693741,Critico,Lluvia,Fallida
66.58970615104421,18.229054542625605,1.2321105131764267,16.759554102396613,2,Jueves,Moto,Urbana,Baja,17.13486895867083,Alto,Nieve,Fallida
31.859396532851683,6.121100813881636,0.46668599003251393,31.269664739882117,22,Sabado,Furgon,Urbana,Alta,9.12090817343999,Alto,Lluvia,Demorada
52.48673409660327,33.74287318184358,0.049777162331519506,19.76019439703178,4,Miercoles,Furgon,Rural,Urgente,9.543133407104161,Medio,Tormenta,Fallida
55.12431765498469,26.255231194737767,1.7403276489279589,-3.046436021533138,23,Viernes,Camioneta,Rural,Alta,28.834782471304955,Bajo,Lluvia,Demorada
19.300591097027176,38.729760390914144,0.04351755228992389,23.491811901731005,16,Martes,Moto,Industrial,Media,26.751325956082376,Bajo,Nieve,Demorada
96.9888781486913,26.24809330504367,1.7495286436957147,37.813150399299566,18,Viernes,Furgon,Rural,Urgente,25.475370165051128,Critico,Soleado,Fallida
77.73814951275034,42.682984265767736,1.0583453309203967,22.072531906584903,18,Sabado,Camioneta,Industrial,Alta,12.180354051183318,Alto,Nieve,Fallida
94.01039521485473,27.819388519337036,1.8781963293272794,31.86349867420556,20,Miercoles,Moto,Rural,Media,0.41095651226743635,Medio,Soleado,Fallida
89.58790769233724,28.26642959100162,1.597767688311557,34.78929085067835,11,Sabado,Auto,Urbana,Media,2.4066673936714222,Medio,Nublado,Demorada
60.19209790229743,43.89435333158808,1.9958702869561415,5.263589737701961,8,Martes,Moto,Industrial,Baja,9.365891046528109,Medio,Nieve,Demorada
92.26554926728856,20.472401877513654,0.7020729190879686,4.5420177958701995,0,Lunes,Moto,Suburbana,Baja,0.4722873898703095,Medio,Nieve,Fallida
9.76075770314003,7.133753808306716,1.5346093895733226,22.494144498294627,17,Lunes,Furgon,Urbana,Baja,0.5144934574559434,Medio,Tormenta,Demorada
20.402303379495375,1.924742477510279,0.8044598963048751,13.496281141301711,20,Sabado,Camioneta,Industrial,Media,27.49809904927233,Bajo,Lluvia,Exitosa
5.477501602143269,37.87929415584414,0.9602713649875139,32.79375862900242,3,Jueves,Camioneta,Industrial,Alta,21.18475506357162,Bajo,Soleado,Demorada
33.20770274556317,31.2053227919965,1.2553834209735217,35.5010405529105,9,Miercoles,Furgon,Suburbana,Baja,9.26867970204458,Bajo,Soleado,Exitosa
39.47905167925872,35.35194852091157,1.7474805512584912,10.903962068622315,6,Miercoles,Moto,Industrial,Alta,3.9793373280285946,Alto,Tormenta,Fallida
27.863554145615694,11.041725994691081,1.968182854929391,5.6591751538516935,21,Lunes,Auto,Rural,Baja,15.349071536852314,Critico,Tormenta,Fallida
83.04501340604101,7.250388041545103,1.5367785543151717,30.123648185973785,22,Domingo,Moto,Suburbana,Urgente,0.1603848256309337,Medio,Lluvia,Fallida
36.31857934266534,1.2199609505601554,0.8361157975525002,7.366271599666124,0,Viernes,Moto,Urbana,Urgente,28.15241231574432,Alto,Lluvia,Demorada
28.812516459050695,17.85408416092655,0.8432926475518633,32.01764433311553,16,Domingo,Auto,Urbana,Baja,12.444453581668416,Medio,Nieve,Demorada
54.7269122326666,29.700925499304336,1.4754270208761942,14.068221414194326,23,Martes,Furgon,Rural,Media,12.070048657119983,Bajo,Nublado,Demorada
14.951498272501501,19.916080232436748,0.4783155143908364,25.03974546811617,1,Viernes,Camioneta,Urbana,Baja,11.717808227453466,Alto,Lluvia,Demorada
80.41750109464992,22.15500864017459,0.22183775214965792,-0.7009108774399317,10,Viernes,Furgon,Industrial,Baja,2.0798499116329427,Bajo,Tormenta,Fallida
8.380513724297312,45.25585537744055,0.7098896931239124,23.073669610445787,8,Sabado,Furgon,Industrial,Media,19.149667193754798,Medio,Lluvia,Exitosa
98.70180672345121,17.73864561765337,0.5751907443165094,15.32954554317531,6,Lunes,Moto,Rural,Urgente,21.9901085888506,Medio,Soleado,Demorada
77.45223216036908,25.942479713410634,0.5933199327915242,21.397380842896336,21,Domingo,Camioneta,Urbana,Alta,20.283761927648708,Critico,Nublado,Demorada
20.67285247188307,39.29082413068658,0.46798189434877,2.560639348518854,16,Domingo,Camioneta,Urbana,Baja,4.153064799881829,Medio,Nieve,Demorada
1.5466895952366375,20.12886772490287,0.08514428608308741,28.159318522488192,16,Lunes,Furgon,Rural,Media,17.365205041067778,Bajo,Soleado,Exitosa
81.73068141702858,31.29329166127974,0.03672999553209421,33.825868489445284,1,Domingo,Auto,Suburbana,Baja,17.084534525167616,Medio,Soleado,Fallida
70.9788770409141,43.18700358296389,1.975457057082327,4.753291004084904,5,Lunes,Furgon,Urbana,Media,26.05232363824146,Critico,Nublado,Fallida
73.17170963605774,47.501270871053286,0.8561184943379889,-0.6928450015927226,13,Sabado,Auto,Suburbana,Alta,11.37382975126941,Critico,Nieve,Fallida
77.35576432190862,7.7801373059873775,0.7692689676722038,-3.936263627914862,5,Jueves,Camioneta,Urbana,Alta,11.144578309783027,Bajo,Tormenta,Fallida
8.330420521674945,46.366087445493974,1.3596149181034465,23.88871751994697,1,Viernes,Furgon,Urbana,Urgente,18.555811761545566,Alto,Nieve,Fallida
36.48810712588299,24.85975650743714,0.4372895218422633,22.319231623995133,0,Sabado,Moto,Urbana,Media,18.99217960498539,Medio,Lluvia,Demorada
12.471036892987842,13.283097220798439,1.8999724067165005,19.60138357213315,9,Miercoles,Furgon,Urbana,Media,14.078556819773711,Critico,Soleado,Exitosa
86.44723916168375,23.227219933793936,1.5729036838166885,5.437619325218893,20,Martes,Camioneta,Industrial,Urgente,13.291780869912632,Medio,Lluvia,Exitosa
62.70651455592824,49.011612476631115,0.17973259362220678,12.59076981574816,4,Jueves,Moto,Suburbana,Urgente,14.82443011913648,Medio,Tormenta,Demorada
33.75890446041227,24.884595652647047,0.8357439707940718,21.751435083377785,1,Miercoles,Moto,Suburbana,Media,25.831358985099357,Alto,Lluvia,Demorada
7.29227667831634,16.773204709231656,1.7583574968167672,17.354508648662623,21,Viernes,Auto,Urbana,Urgente,13.8350070376173,Critico,Nieve,Demorada
31.787249849850557,31.853342288677926,1.8895193125605292,39.45034840966993,15,Domingo,Moto,Urbana,Alta,28.197953759094673,Medio,Lluvia,Demorada
33.19314888064796,12.387208129520557,0.9353356209884897,1.1397888650529904,1,Lunes,Moto,Suburbana,Baja,15.120112907889782,Critico,Tormenta,Fallida
73.23101165546834,4.255234741378864,1.2272093670322046,26.281504932141722,9,Viernes,Furgon,Industrial,Alta,28.47602079542674,Bajo,Tormenta,Demorada
64.1181896641661,6.879546234577137,0.3349008582380584,13.194344564693147,1,Sabado,Camioneta,Rural,Urgente,24.984957056072272,Bajo,Tormenta,Fallida
88.83406151505633,6.838269028409735,1.9823460836478162,14.268982671652665,15,Martes,Auto,Rural,Media,10.872939678474873,Medio,Nieve,Fallida
47.74927759103298,8.01918332885857,0.46411173106550335,27.291899454617933,15,Sabado,Furgon,Suburbana,Media,25.90924263889848,Critico,Tormenta,Fallida
12.83983034789187,7.371945046145802,1.8855208164961161,26.159626809596634,18,Jueves,Moto,Urbana,Alta,3.3018985260334563,Medio,Soleado,Exitosa
71.6112339350765,32.223299867759124,1.2996436513357446,39.60651971659848,6,Jueves,Moto,Urbana,Media,27.751415260290436,Critico,Tormenta,Fallida
76.31771981307284,9.503064177757668,1.2158658529628394,0.777743025435635,21,Martes,Auto,Industrial,Urgente,18.949305452486747,Critico,Lluvia,Demorada
56.56644255938013,17.610530524531228,1.0258643335220006,-0.31506577771251454,11,Miercoles,Camioneta,Rural,Alta,1.6317224556693355,Alto,Lluvia,Fallida
77.32575081550154,44.89102629034758,0.46210895362379967,27.595246770793352,23,Miercoles,Auto,Industrial,Media,19.327701709524348,Alto,Lluvia,Fallida
49.88576404007468,23.96110119301218,0.35387953597901106,21.02741126528841,14,Jueves,Furgon,Rural,Baja,29.227429624342683,Alto,Nieve,Fallida
52.750550108817414,33.54410805679085,0.44175193193128054,7.337229995191263,7,Jueves,Auto,Suburbana,Baja,2.0940196384388674,Medio,Lluvia,Exitosa
43.326560817496414,9.029833624480677,0.3736900860263648,-1.4261283954956028,5,Domingo,Moto,Rural,Urgente,16.64063129340259,Alto,Nieve,Fallida
3.5164935476654238,10.018306431029202,1.5593893626599398,-1.1453787681606258,9,Lunes,Furgon,Industrial,Media,22.433830492781173,Alto,Nieve,Fallida
11.681251272337141,2.5229965051907035,0.7009003930742935,35.238589359885324,2,Domingo,Moto,Industrial,Urgente,24.30775760098594,Bajo,Tormenta,Fallida
4.111489382986691,8.862285622072145,0.11662751045022934,3.634029612343431,18,Domingo,Camioneta,Industrial,Alta,12.414823959623876,Critico,Soleado,Demorada
64.00463071511426,14.290221782081952,1.938236157651482,9.551720295198434,16,Miercoles,Moto,Suburbana,Baja,6.12499677504729,Critico,Tormenta,Demorada
32.12124212655634,9.262018971698968,1.767687984041888,5.199538100214461,6,Martes,Moto,Rural,Alta,1.270268363171515,Alto,Tormenta,Fallida
51.34849842530557,4.890775420974252,1.8555768141072306,10.974833762437179,20,Miercoles,Auto,Rural,Media,17.391784712916742,Critico,Nieve,Fallida
90.84908091868321,6.47147561947974,1.9898207374702241,-1.8759270764257985,19,Lunes,Moto,Industrial,Urgente,13.587332108028324,Bajo,Nieve,Demorada
25.67993068573862,23.308549017619924,0.3486166031897551,18.357690590872167,3,Sabado,Furgon,Rural,Urgente,28.462331854491328,Bajo,Lluvia,Demorada
41.62790938052734,10.713519061086728,0.7930877957864149,-1.9574346383503292,13,Jueves,Furgon,Urbana,Urgente,1.8181472314472935,Alto,Lluvia,Demorada
75.79956271576182,18.531358121879734,1.5167187129324784,31.016042852006272,19,Jueves,Camioneta,Urbana,Alta,20.561860303380172,Bajo,Tormenta,Demorada
23.651018383670625,25.419154907315416,1.3923452154895306,5.517043685969487,21,Lunes,Furgon,Urbana,Baja,0.7489866636017151,Critico,Nublado,Demorada
8.621011073050507,34.67454401715358,0.30863791677337027,19.300536157202977,14,Domingo,Auto,Rural,Alta,5.143025301316282,Medio,Nublado,Demorada
29.685393838463035,2.445950922134397,1.6318504168562449,34.60355894026562,23,Martes,Camioneta,Suburbana,Alta,13.607369997685023,Critico,Lluvia,Demorada
16.960907438146435,40.07081474599761,0.4496567031014847,24.289481607123736,7,Jueves,Furgon,Suburbana,Media,13.646173284086046,Medio,Nublado,Exitosa
93.04006758191473,31.581069279799934,0.44841141203042356,18.983100394810087,20,Viernes,Auto,Suburbana,Media,20.571016288009318,Alto,Lluvia,Demorada
81.00391757687729,4.547072081469159,1.0744118713639337,9.595018890191902,14,Domingo,Furgon,Suburbana,Media,27.306391046032697,Medio,Nieve,Fallida
63.706971894531925,43.74214189328547,1.1862869297485645,9.985086087618907,21,Jueves,Furgon,Urbana,Baja,19.170964767447625,Bajo,Tormenta,Demorada
87.27459842858406,46.083183826324756,1.1605923294677845,25.126912983918555,19,Viernes,Moto,Urbana,Baja,28.606052935545264,Critico,Soleado,Demorada
80.56353561301233,3.5233590128157557,0.183882187958112,39.73627125495254,13,Lunes,Furgon,Industrial,Media,26.44846919633993,Medio,Tormenta,Fallida
19.470435829717548,14.205443583286584,1.7550442643981303,24.78276354322204,8,Lunes,Furgon,Rural,Media,17.534993865923706,Critico,Lluvia,Demorada
89.3633408505078,40.40696334975654,0.5319344851348234,20.10025378165112,7,Domingo,Auto,Rural,Baja,25.013758527564818,Alto,Lluvia,Fallida
54.394881949649424,37.53885467399109,0.2599003276443256,27.879272960766073,16,Jueves,Auto,Suburbana,Urgente,19.27732830970902,Alto,Tormenta,Demorada
80.93657536124219,9.633790458140677,1.7776074116580853,15.934252552767315,1,Miercoles,Moto,Urbana,Baja,2.3567349277118144,Bajo,Lluvia,Demorada
89.71303869242583,10.86279150516716,1.911347344961277,-2.2935945829646656,23,Viernes,Furgon,Suburbana,Baja,22.2169416977853,Alto,Nublado,Fallida
32.48234402221452,18.83836908817341,1.7243931069136358,20.30335671450594,2,Martes,Moto,Industrial,Baja,2.8472532380203863,Medio,Nublado,Exitosa
11.895140528239999,24.483887766955554,1.6192226333750313,38.093137802742106,7,Jueves,Furgon,Rural,Media,17.822483417091373,Alto,Lluvia,Demorada
23.565581091652227,31.10361119074965,1.3108287192974044,2.8886324060946835,11,Martes,Camioneta,Rural,Urgente,21.079206175746865,Bajo,Lluvia,Exitosa
43.28367107399937,18.761225158703734,1.1021638838476695,26.050220086929958,0,Jueves,Camioneta,Suburbana,Baja,1.9958282463256571,Critico,Nublado,Fallida
81.98346182632682,23.395468448590822,0.17488653306290888,4.042015989657541,9,Miercoles,Moto,Industrial,Media,6.923839617795952,Critico,Lluvia,Demorada
86.212327742378,37.49981143762095,0.8174979729283267,19.11224580128866,19,Miercoles,Moto,Rural,Alta,27.470166967849494,Alto,Lluvia,Fallida
1.6882609225878795,2.315818543084596,0.7460043455076157,-0.6495597658976173,2,Domingo,Moto,Industrial,Alta,18.48943476698689,Medio,Tormenta,Fallida
51.56398295517901,12.995628745029027,0.5202478137368921,15.266692131618331,5,Domingo,Auto,Industrial,Baja,7.388580564315948,Bajo,Soleado,Demorada
42.32368931172912,35.81080450128535,1.4471168072634812,29.027349800286075,6,Miercoles,Auto,Suburbana,Alta,20.720393134440197,Medio,Nublado,Exitosa
22.988673236602295,44.81273846551637,0.9922555944224629,10.640718590754194,19,Sabado,Auto,Urbana,Urgente,17.90329259885069,Bajo,Tormenta,Demorada
12.866671366034598,25.828033384725472,0.16301138559938824,24.921027601924813,22,Miercoles,Moto,Suburbana,Alta,15.047270997538451,Alto,Soleado,Demorada
34.423901968959164,26.839617520633126,0.4411462206976729,30.795248235537812,17,Lunes,Furgon,Urbana,Alta,29.285609249642512,Bajo,Lluvia,Exitosa
94.3480606873394,5.805014561318915,1.3668342685555321,36.72300187657537,10,Lunes,Camioneta,Industrial,Urgente,20.503613322225267,Bajo,Lluvia,Exitosa
32.99709027005477,22.646912157761005,0.15318558812111008,5.558893683495409,18,Sabado,Moto,Urbana,Baja,11.26323329003738,Alto,Tormenta,Fallida
52.36027155259325,26.864554689523647,1.7025626211834886,12.969216211418868,4,Viernes,Auto,Industrial,Baja,24.00220296230604,Medio,Lluvia,Exitosa
70.59887693062261,12.502289929919119,0.9907979075009348,1.8587205998687848,18,Martes,Auto,Rural,Urgente,26.537498787635634,Alto,Nieve,Fallida
36.9993306355501,13.827539931994357,0.9616925680759694,39.661757597126886,10,Jueves,Moto,Rural,Urgente,3.7566167855049426,Bajo,Tormenta,Demorada
97.20642618937511,19.175566073678823,1.1852231615343756,36.71504355659329,23,Jueves,Moto,Rural,Urgente,6.0165893353579945,Alto,Soleado,Fallida
96.282282199269,1.4935242899974552,1.649537250884373,19.29807086262518,11,Sabado,Auto,Suburbana,Alta,6.486810273833391,Bajo,Tormenta,Fallida
25.926447286711053,16.442918696367325,0.696270606596484,32.89149824693896,9,Lunes,Furgon,Suburbana,Urgente,20.73635428159621,Alto,Nublado,Exitosa
50.22760208334616,10.96667634632896,1.356354288965568,18.4431089772419,7,Domingo,Auto,Industrial,Media,18.0911866515985,Critico,Tormenta,Fallida
30.786952671860195,16.711118932806777,1.1318981960275862,23.061355960124185,23,Jueves,Auto,Rural,Alta,18.569746940957646,Critico,Lluvia,Fallida
29.199208943369293,6.428225525052936,0.5347895120686732,-0.9894005547792526,8,Lunes,Moto,Suburbana,Baja,28.223198990685027,Alto,Lluvia,Demorada
4.651807788098747,44.5811003966248,1.7573813427239608,28.987168922356354,3,Viernes,Furgon,Rural,Baja,23.277345984219178,Medio,Nieve,Fallida
61.34686906400979,29.882826450925407,1.5950546171922493,0.7471067635855668,4,Martes,Auto,Suburbana,Baja,3.8381077353534954,Bajo,Nieve,Demorada
50.765223299657286,34.11556479765223,1.3172452174821925,32.173043361363774,20,Viernes,Auto,Urbana,Alta,10.425212472755431,Critico,Nieve,Fallida
6.096396373748946,39.56397631106324,1.7013128764593894,30.191263945167364,7,Sabado,Camioneta,Urbana,Media,13.061809385272069,Medio,Soleado,Exitosa
28.585999959424534,25.172888846988336,1.7347211077186449,26.89351139843394,22,Miercoles,Moto,Rural,Urgente,11.878847662428146,Bajo,Nieve,Fallida
90.91832271069872,4.802554260327473,1.4170175904533544,-3.372782876385705,8,Miercoles,Camioneta,Industrial,Urgente,20.079258274856375,Critico,Soleado,Demorada
24.71662717603027,27.086773820018117,1.6741896433989805,8.640776017539787,14,Miercoles,Camioneta,Suburbana,Baja,26.756793097696878,Critico,Nieve,Demorada
15.344592337031086,29.548635342033517,1.395245451876898,6.840065645987929,14,Viernes,Auto,Suburbana,Baja,9.18154390568364,Alto,Soleado,Exitosa
49.45582326747874,37.399253972124335,1.3606014027488404,11.206138336218359,15,Jueves,Moto,Urbana,Alta,16.556314092635567,Bajo,Tormenta,Demorada
98.57939495694947,21.86714753836913,1.2376041450521533,-1.0560763956272656,13,Martes,Furgon,Urbana,Media,23.68228265740757,Medio,Tormenta,Fallida
24.96347187963854,6.815224988380406,1.5056805624757248,37.163102036397824,7,Miercoles,Auto,Industrial,Urgente,12.48654176536048,Medio,Lluvia,Exitosa
67.54141919318198,14.546907337036862,0.31805160548085437,19.921100832056933,17,Sabado,Furgon,Industrial,Alta,5.043543851978876,Medio,Soleado,Exitosa
76.40034191754305,18.472573671732437,1.761860647638658,8.74859397961106,9,Sabado,Furgon,Industrial,Urgente,14.248528957912448,Bajo,Nublado,Exitosa
24.52611685524757,32.472903445914255,1.7438152119627188,12.864168268342755,19,Miercoles,Moto,Rural,Baja,1.656675622290854,Medio,Lluvia,Demorada
73.0934185125741,28.75352608111114,0.059465318786083736,15.124114322717606,5,Miercoles,Camioneta,Urbana,Urgente,28.271503620068305,Medio,Tormenta,Fallida
37.41053013920607,18.12678793194339,1.6518076843789606,22.026745001227777,11,Martes,Moto,Rural,Media,2.244636155849191,Medio,Soleado,Exitosa
63.59827722876437,49.33250481525249,0.25861086507941694,18.2055742463424,1,Miercoles,Furgon,Urbana,Media,13.153701457517345,Alto,Nieve,Fallida
63.71944136532858,30.485853558165914,0.6709025896640247,36.37263879464878,6,Martes,Auto,Urbana,Baja,15.896437832655785,Alto,Nublado,Demorada
54.04169372340109,12.242726190931727,1.487273004326924,17.363356730762362,15,Sabado,Furgon,Suburbana,Media,29.559114968618562,Bajo,Tormenta,Demorada
9.938687235386421,5.538232394709985,0.3223590322005681,39.64711066704907,2,Miercoles,Auto,Urbana,Media,4.980654709285823,Bajo,Lluvia,Demorada
83.69494706333455,8.066527389624436,1.6361160812140052,33.31412309852931,12,Viernes,Auto,Urbana,Alta,3.432945558370757,Medio,Soleado,Exitosa
32.75722643220185,12.674907555033153,1.6644362217375261,4.382973146080111,2,Domingo,Moto,Rural,Urgente,0.26118441187630737,Alto,Nublado,Fallida
19.46533252958557,8.453727976348006,1.0154279997879114,36.876784658976234,17,Viernes,Furgon,Urbana,Baja,4.667143106079069,Critico,Soleado,Demorada
5.036739013921627,9.735067690539635,0.013765357561950325,0.2364879048464239,10,Sabado,Camioneta,Rural,Baja,6.218189372030029,Critico,Nieve,Fallida
59.49840137563594,14.61221085034543,0.5747892282166507,31.785236882103618,7,Martes,Furgon,Industrial,Baja,18.91742824749277,Medio,Lluvia,Exitosa
68.07887182238596,9.081992967090363,1.2342369098331085,12.128048206446103,5,Viernes,Furgon,Urbana,Baja,6.591203711742012,Medio,Soleado,Exitosa
2.642195063857759,44.889888519008046,1.9623911698768195,34.508844420028126,0,Martes,Camioneta,Urbana,Baja,0.6156244418797563,Alto,Tormenta,Fallida
51.69721277162882,4.471570410251289,1.26399524050632,34.06255105483527,0,Viernes,Moto,Rural,Media,24.79855036507466,Alto,Lluvia,Fallida
23.42308174459586,26.463313783727607,0.5203473585472554,31.26664300529295,22,Viernes,Furgon,Industrial,Alta,10.967871030119003,Alto,Tormenta,Fallida
64.87210625053554,20.814642935988246,1.268377400496123,30.551369633817764,7,Martes,Furgon,Suburbana,Baja,10.610900597422019,Bajo,Soleado,Exitosa
18.262276471494154,49.12774153697602,1.080430774051995,8.710561259411836,4,Jueves,Auto,Industrial,Alta,9.074370875037797,Bajo,Lluvia,Demorada
69.40283607214413,6.045925657318591,1.559910944907136,-1.3586322626936518,15,Viernes,Furgon,Rural,Alta,29.261198314392626,Medio,Tormenta,Fallida
39.286799283753204,20.19385215276421,0.21485429701508987,13.134108044432267,10,Miercoles,Camioneta,Industrial,Media,5.103462519278445,Bajo,Nieve,Demorada
93.73626888493672,48.48878644713076,1.522294777101554,2.80860317439289,4,Domingo,Auto,Rural,Baja,26.947141918597055,Alto,Nieve,Fallida
14.614573470453331,43.342602731752024,1.0829918907735443,26.272799000610778,3,Sabado,Moto,Rural,Media,23.304099964196638,Alto,Soleado,Fallida
34.76556875397559,40.94506751198936,1.9260210157141302,10.574487694200348,5,Jueves,Auto,Suburbana,Baja,2.2943986649793926,Bajo,Lluvia,Demorada
12.233878602818319,13.266189938724521,0.6844024599113335,38.90245903869617,13,Martes,Camioneta,Urbana,Media,29.60187304502546,Critico,Nublado,Demorada
92.54466820957772,8.958935575808258,1.2656111643747623,23.843743480539942,21,Jueves,Camioneta,Rural,Alta,8.140978906170316,Medio,Lluvia,Demorada
87.85659598471712,33.59783938625933,1.864124182914525,32.011625363546244,18,Lunes,Auto,Rural,Baja,2.95748781067237,Critico,Nieve,Fallida
26.536221143800404,46.5041114618155,0.20591694625336784,0.9636102733831793,8,Lunes,Moto,Suburbana,Urgente,24.879427023772784,Medio,Tormenta,Demorada
66.33842055738373,28.059763204189526,1.8745197459856657,33.790651702268015,11,Viernes,Auto,Rural,Alta,21.200266010330996,Critico,Nublado,Demorada
81.90499781992037,28.79482812876004,1.3760835588793259,36.52407357310275,10,Viernes,Moto,Urbana,Urgente,18.516564176337024,Bajo,Soleado,Exitosa
55.96488034834677,14.358965136184066,0.13660628115123866,16.917786346852115,13,Miercoles,Auto,Suburbana,Alta,4.6794259109679945,Medio,Nublado,Exitosa
53.43540725724464,38.58990019300088,0.6026261703266858,22.281382198793985,22,Domingo,Camioneta,Urbana,Media,14.354883487678856,Medio,Soleado,Demorada
24.943376799144716,9.758665553597407,1.4166360052019178,29.416441040634794,15,Sabado,Furgon,Urbana,Baja,23.416680806616416,Medio,Nublado,Exitosa
10.217174012784023,16.522122202010063,0.13563385233607464,2.867738226718565,0,Jueves,Furgon,Suburbana,Alta,9.108718144315208,Alto,Soleado,Demorada
89.82436003737935,21.55910371151263,1.1647587498923702,17.61547344085491,12,Lunes,Moto,Rural,Media,9.350694855451243,Alto,Soleado,Fallida
90.14138765916971,25.626713744880522,0.6924202308489605,12.93983624975409,22,Viernes,Moto,Urbana,Baja,0.09422718144366349,Critico,Nublado,Fallida
63.67704427005353,12.499281754546471,1.2422101200171867,1.5868296473012098,20,Sabado,Moto,Urbana,Baja,5.227302049361386,Bajo,Nublado,Exitosa
34.56394931382137,6.184422824590575,0.09243832559121319,11.539049003118915,20,Jueves,Camioneta,Urbana,Alta,26.26216875365503,Alto,Soleado,Exitosa
35.57174788665343,30.72569210086081,1.7432020754986002,-1.9322460776527892,12,Viernes,Auto,Urbana,Baja,13.252394749131213,Medio,Nieve,Demorada
72.8696122081537,14.78721238539266,1.9470044493856165,-3.8384641872730856,1,Viernes,Camioneta,Suburbana,Alta,29.52703497703302,Alto,Nublado,Fallida
89.81391573530513,29.27129196041931,1.9377868327160972,1.0824830119670246,3,Lunes,Furgon,Suburbana,Baja,11.871238907213776,Bajo,Lluvia,Demorada
88.82155600224661,8.140954406073014,1.4995540116541064,38.34018002151282,5,Lunes,Moto,Industrial,Urgente,21.455593643407237,Alto,Tormenta,Fallida
78.20767903990476,24.316435041813467,0.26104239402113333,19.728829115275765,22,Viernes,Auto,Industrial,Media,8.457571287141874,Medio,Soleado,Demorada
64.5611329692745,26.8631769113035,1.5167681286621162,38.4619972518949,4,Martes,Furgon,Urbana,Urgente,10.914289234228004,Critico,Soleado,Demorada
9.329856534509835,3.065265072710132,0.050149246001144225,14.462404524855938,2,Viernes,Furgon,Rural,Alta,5.721779627726839,Medio,Tormenta,Fallida
17.001242695366763,17.16191177059907,0.045224979506465514,9.03172598883668,0,Sabado,Furgon,Urbana,Urgente,10.41187105498185,Bajo,Nieve,Demorada
89.95686466418084,7.153526508479225,0.647896828079933,17.776383827810985,3,Viernes,Camioneta,Rural,Alta,16.417125612619294,Critico,Tormenta,Fallida
61.036476906299406,3.6370610384020035,0.9777977376189269,14.778025988480955,19,Miercoles,Moto,Urbana,Baja,29.753186429377482,Alto,Nublado,Exitosa
1.9105081100463353,49.50303150330229,1.5410444281977786,-0.2450892082215237,1,Domingo,Furgon,Industrial,Baja,19.92605139215357,Alto,Tormenta,Fallida
11.045682743737178,16.456515326248788,1.3669074578364038,23.83718416105928,4,Miercoles,Moto,Industrial,Alta,5.977378632249422,Alto,Soleado,Demorada
66.68667514169752,40.58878506980442,0.89235951004712,4.721718212931982,2,Miercoles,Camioneta,Rural,Urgente,1.348843247746534,Critico,Tormenta,Fallida
1.50109680077565,13.10471241080631,0.5479797058970501,22.88145797040233,8,Martes,Furgon,Urbana,Baja,3.790694439435318,Medio,Lluvia,Exitosa
16.919997090332366,34.2343847500845,1.9942518758152645,24.259049157916902,19,Martes,Camioneta,Rural,Media,16.87665603819142,Critico,Nublado,Demorada
55.324645147292024,38.131279064539484,0.85293642316971,1.8411183907891644,5,Viernes,Camioneta,Industrial,Baja,22.95480986450299,Critico,Tormenta,Fallida
69.49762457157664,29.98411766008829,0.9033226616350213,-2.239266780019933,17,Miercoles,Moto,Urbana,Media,28.212576219022406,Bajo,Soleado,Exitosa
65.54416469075746,23.84302133323284,0.3280840185621467,30.13427137307979,5,Martes,Furgon,Urbana,Urgente,0.4746951599046245,Critico,Nublado,Demorada
23.20266163659542,20.886125250289794,1.5898242879511089,15.691019069619408,18,Lunes,Camioneta,Rural,Media,15.682804246856094,Alto,Soleado,Demorada
71.50574291340605,17.768979193878266,1.3876707693371957,-2.3826292022535895,11,Viernes,Furgon,Suburbana,Media,14.126020686695304,Medio,Nieve,Fallida
24.48765966218321,46.51169264026738,0.44231845596473207,39.76898427263952,10,Sabado,Moto,Rural,Media,19.68165065927112,Medio,Lluvia,Demorada
33.21457011776751,41.61566068549259,0.16567971018606956,-2.399874755163501,1,Domingo,Camioneta,Industrial,Media,16.78736563396026,Medio,Nieve,Fallida
74.9026491066844,48.26883207799237,1.3613181048473515,26.276585298634892,14,Jueves,Moto,Industrial,Baja,20.611174517474417,Alto,Lluvia,Demorada
65.31365700567426,6.652712562534464,1.3093679173479893,39.265551636853615,11,Viernes,Furgon,Industrial,Media,19.74247754247571,Alto,Tormenta,Fallida
85.07311763892362,36.677940022580394,0.5472457944694205,5.763104689716652,11,Jueves,Furgon,Industrial,Baja,3.5103517457383857,Alto,Nublado,Demorada
66.10367633773399,46.94785261264137,1.9017762609385702,1.4012215909238277,8,Miercoles,Moto,Industrial,Media,23.991537408561587,Alto,Tormenta,Fallida
57.26255173021169,9.471036775200178,0.3029647256700196,0.46232227400930004,20,Domingo,Auto,Suburbana,Alta,3.6969772714897453,Alto,Lluvia,Demorada
10.273802014981156,3.791565234655486,0.8652372672841613,8.6473816405418,23,Jueves,Camioneta,Urbana,Urgente,20.955918756274112,Critico,Lluvia,Demorada
37.40386450288392,37.18547213985792,1.8872882244150302,-0.45293850452089934,1,Miercoles,Furgon,Rural,Media,12.484361029218201,Alto,Lluvia,Fallida
27.25503440049082,28.93641910240564,0.8400349065353185,26.147260376235934,21,Lunes,Furgon,Rural,Alta,15.415522037297936,Alto,Soleado,Demorada
25.154974694529272,42.17052444953447,1.277413369380507,-2.196869084147179,2,Jueves,Camioneta,Industrial,Media,27.098940431271316,Alto,Nublado,Fallida
97.32804492049212,7.41873264300133,0.7957912015276258,17.923995766740536,11,Domingo,Moto,Rural,Media,26.696511794204596,Alto,Tormenta,Fallida
39.91667474200928,39.86573193706457,0.5491561894949915,39.85135842338396,15,Viernes,Moto,Industrial,Media,24.535689169650887,Medio,Tormenta,Demorada
89.31260896253421,10.480552342363355,1.9679713182716967,31.628662127770845,20,Miercoles,Moto,Suburbana,Alta,15.304451413689698,Alto,Nieve,Fallida
63.48272397372902,8.600969171852373,0.819258678623771,22.68487472039549,23,Viernes,Auto,Suburbana,Urgente,22.087194304014993,Critico,Lluvia,Demorada
79.6863190506232,8.631156997584151,1.7883043081545897,8.781412935397524,0,Domingo,Auto,Urbana,Alta,15.38691166556428,Critico,Lluvia,Fallida
50.76107221741402,40.821448651453416,0.46067925717628133,23.07531263312373,20,Martes,Furgon,Suburbana,Urgente,26.08818247424332,Critico,Lluvia,Exitosa
58.113484578009555,33.42726242446191,0.4269963033461415,18.716865876024322,2,Miercoles,Moto,Suburbana,Media,12.083274996986997,Bajo,Tormenta,Fallida
49.75925168806753,26.391738526071407,0.06323703168613821,14.173752275066718,19,Jueves,Camioneta,Urbana,Baja,29.107060332446302,Medio,Nieve,Demorada
20.329055792006404,18.262108964113374,1.3036819839263942,0.881966953308976,1,Miercoles,Furgon,Rural,Media,27.969682746866326,Alto,Soleado,Fallida
72.52275941088902,43.92142677024886,0.7376841611037985,34.897189685821004,8,Viernes,Camioneta,Industrial,Urgente,22.248078583553564,Bajo,Nublado,Exitosa
28.796463881644723,19.926032817420452,1.7288521414294344,15.240309196959512,18,Lunes,Furgon,Industrial,Alta,8.38247652528216,Alto,Soleado,Exitosa
3.4072806767139303,40.92167225384306,0.9469466034764228,3.7580130319344285,14,Miercoles,Auto,Rural,Media,3.9496076637977517,Bajo,Tormenta,Fallida
64.90175729480961,22.237177974225812,1.9364186624015287,11.549170789478033,17,Jueves,Furgon,Urbana,Alta,25.641103502795925,Bajo,Lluvia,Exitosa
18.533957261297846,19.158749256532925,0.3718655058905392,13.635838863801716,10,Martes,Auto,Rural,Alta,4.959068584138838,Critico,Nublado,Demorada
94.10539985093851,23.402649390645518,1.737377712743266,32.23920530050934,22,Sabado,Furgon,Suburbana,Alta,25.627823669920073,Critico,Tormenta,Fallida
95.43892912325614,15.418204771125033,1.5534171087306916,28.012647125263094,15,Lunes,Moto,Urbana,Media,14.722950201370814,Bajo,Tormenta,Demorada
91.5715746318244,37.50666431872443,1.54207276744346,29.618720213860293,21,Martes,Camioneta,Urbana,Alta,12.196703514243127,Critico,Tormenta,Fallida
37.64571132528899,25.384659309577717,1.6897216730056583,-4.503593100710876,16,Miercoles,Moto,Urbana,Alta,27.095723365032875,Bajo,Nublado,Exitosa
2.5302050363578754,11.994528409767456,1.5222869578950546,13.726929918089269,4,Viernes,Furgon,Industrial,Media,18.115529476208337,Medio,Nublado,Exitosa
92.90353769618481,45.02894137709114,1.2528144229411993,16.66048682358956,11,Domingo,Furgon,Rural,Alta,17.298420213891532,Critico,Nieve,Fallida
43.39023068341412,19.502615457973963,0.2633585104870928,-4.136347542962449,10,Viernes,Furgon,Urbana,Media,16.76297833873193,Critico,Nieve,Fallida
96.69882708532329,27.405866625142437,0.06601983280301259,6.69159439352654,14,Jueves,Auto,Urbana,Urgente,11.135085480585943,Critico,Soleado,Demorada
96.39837773183604,45.37036949274508,1.841774847783558,29.213042040496077,2,Viernes,Camioneta,Urbana,Urgente,23.569293105873818,Medio,Nublado,Demorada
85.44793609126864,31.399780797742608,1.2336839787269553,1.1699367578049573,0,Lunes,Camioneta,Rural,Urgente,7.58395332047319,Bajo,Nublado,Fallida
30.150440314888982,6.286453015064022,1.5932780446613763,19.088955915366626,19,Viernes,Furgon,Industrial,Alta,28.166848801238253,Alto,Nublado,Exitosa
39.1246751315906,47.02169011886702,0.9635631806735877,4.684084240775688,15,Jueves,Furgon,Suburbana,Baja,26.819556151408822,Critico,Nieve,Fallida
85.26253048016883,31.571548627035185,0.23549906973582657,-4.454565141024803,1,Sabado,Auto,Industrial,Baja,10.124409770246945,Bajo,Tormenta,Fallida
32.37527851047149,17.077827925525764,0.2512463986128983,5.854065591979367,1,Miercoles,Moto,Urbana,Alta,21.88391309494991,Medio,Lluvia,Exitosa
17.779781921923156,7.393967596837669,1.3714450091707138,38.91431897095242,2,Domingo,Moto,Industrial,Baja,17.196695833487745,Alto,Nieve,Fallida
56.12332498337666,39.80424686887965,0.8611814839040259,31.069170034734533,7,Miercoles,Camioneta,Industrial,Media,10.129479059977038,Critico,Nublado,Demorada
93.67932264191731,31.19360141846142,0.40184892867397315,38.1809489944465,23,Viernes,Auto,Suburbana,Baja,29.655649439863403,Medio,Nieve,Fallida
69.90694987082233,26.906324052827916,0.9836974989361323,16.95343197668631,14,Martes,Furgon,Rural,Alta,0.7571203754479261,Medio,Soleado,Demorada
57.43605583884713,44.747682861022405,0.12935366521319305,-0.06187105951234262,6,Miercoles,Camioneta,Rural,Alta,7.579380918638599,Alto,Nublado,Fallida
10.620472883306086,39.53556195561427,1.164360832426883,19.65817700381618,5,Sabado,Auto,Industrial,Media,15.602221833334513,Bajo,Soleado,Demorada
61.885715443217805,8.007906546771183,0.5387178154657603,15.446980055198239,8,Viernes,Moto,Industrial,Urgente,15.658590104356916,Critico,Nublado,Exitosa
99.01533116032206,15.930242355879637,1.5953206421737391,32.99606872328272,19,Domingo,Auto,Rural,Alta,17.667992248366925,Critico,Nieve,Fallida
14.86831750841588,12.800212420816054,0.621413555888224,-0.5862838647089932,0,Jueves,Moto,Rural,Media,22.55028516068758,Bajo,Tormenta,Fallida
52.314635584009935,37.32534148234751,0.9109850780145207,16.97085116598002,7,Sabado,Auto,Suburbana,Baja,18.70433491557889,Bajo,Lluvia,Exitosa
87.85993412086759,2.1598555194210793,0.024229459276293174,1.7521899112292916,22,Viernes,Camioneta,Urbana,Baja,18.008443815841108,Bajo,Soleado,Demorada
74.33609315766624,28.70953940113017,0.1458213287013232,9.610416710052698,22,Sabado,Moto,Industrial,Media,1.6054338873912988,Alto,Nieve,Fallida
70.00455835853153,38.241704944164184,0.785594619256963,28.181068482450982,2,Miercoles,Camioneta,Rural,Media,11.29590863367895,Alto,Tormenta,Fallida
70.54592431472382,43.899899019706595,0.9603977305995299,16.420815821594495,3,Domingo,Camioneta,Industrial,Alta,6.96167219103468,Critico,Nieve,Fallida
36.58962397075576,17.43304656143742,1.2004410756904882,11.91497283155962,14,Jueves,Moto,Industrial,Baja,7.961103348059263,Alto,Soleado,Exitosa
30.06559258218484,41.15223658126464,0.5840334948398972,12.751432535651588,5,Viernes,Moto,Rural,Media,16.630124230210345,Medio,Lluvia,Demorada
81.12675439237285,5.9762709792827575,1.3902687903669586,15.675104578269398,14,Lunes,Furgon,Suburbana,Baja,5.985159447888253,Critico,Nieve,Fallida
81.2012260732389,42.39938844085865,1.72038467198122,30.32574447266756,20,Jueves,Furgon,Industrial,Media,8.818473030506926,Alto,Nublado,Demorada
86.84015953943026,6.81068878543313,1.5599221267978063,35.14381100231055,2,Lunes,Furgon,Suburbana,Baja,7.1125412555202026,Bajo,Tormenta,Fallida
91.41081470309067,20.165720882738178,0.08019803187136594,37.99006089267677,20,Sabado,Camioneta,Rural,Urgente,28.455088296545842,Medio,Nieve,Fallida
51.62289748723284,39.966120606087905,0.9615333875684001,30.410652381488276,20,Martes,Camioneta,Urbana,Alta,28.339971965132854,Bajo,Tormenta,Demorada
50.65011317403276,7.920912653764302,0.21075542665793157,9.193310308660573,13,Jueves,Furgon,Urbana,Baja,18.29824675788155,Critico,Nublado,Exitosa
80.03122271771073,11.847944064015753,0.48484798670919244,25.966061773894396,19,Sabado,Camioneta,Industrial,Urgente,27.735674061957,Bajo,Lluvia,Exitosa
65.34642914699874,36.25150213545678,1.9733385239410257,14.692140582492637,13,Lunes,Camioneta,Rural,Baja,23.574379364051193,Alto,Lluvia,Demorada
70.49472084851263,36.14180855903068,0.28584859026012494,6.460177992072303,3,Miercoles,Moto,Suburbana,Baja,17.698436484054263,Alto,Nublado,Fallida
79.783474274174,32.23680782782222,0.9982774187492608,32.83922107416652,11,Miercoles,Moto,Industrial,Urgente,0.19305634490387136,Critico,Tormenta,Fallida
89.11052883993906,34.85044800112145,1.23669331290192,-3.270814296695375,16,Martes,Camioneta,Rural,Baja,23.175488582382123,Bajo,Nieve,Fallida
34.461520528302046,27.364859945706012,1.4052274761176637,35.57928964609406,6,Jueves,Furgon,Rural,Baja,21.074650247654066,Critico,Nublado,Demorada
38.18271231135446,12.964053415894162,1.1197377182903412,15.766485908113037,8,Jueves,Auto,Suburbana,Alta,18.45760959847242,Bajo,Soleado,Exitosa
10.30421204424603,17.61195167844401,0.020531923990948137,23.674066456372618,2,Jueves,Furgon,Industrial,Urgente,22.81272935047415,Medio,Tormenta,Demorada
58.24973395862122,9.489086981670571,0.6535961551797398,24.670926499260222,12,Sabado,Auto,Rural,Urgente,15.38766494324297,Alto,Lluvia,Demorada
4.5582851058774665,45.468302786014604,1.0359055751260382,35.280298331794135,14,Domingo,Furgon,Rural,Media,21.12249813964017,Critico,Nublado,Fallida
47.09420379511356,29.37789384092296,0.17664513179052188,23.65013569752433,17,Domingo,Moto,Rural,Baja,28.055162601794798,Medio,Lluvia,Demorada
54.72181883605008,20.342145129800173,0.7019032354871524,22.62701131420278,18,Martes,Camioneta,Suburbana,Alta,11.274150475382589,Medio,Tormenta,Demorada
29.367583960700156,23.36928728038457,0.06737301447394177,-2.000658174768952,0,Jueves,Camioneta,Industrial,Baja,21.243655047018763,Critico,Lluvia,Demorada
59.492492796332066,47.39052531078486,0.15807841581288648,18.328360987534182,5,Sabado,Moto,Industrial,Baja,14.27063454032876,Critico,Nublado,Fallida
4.019524743965894,8.09089445424597,0.7944496291269906,1.7576050367668747,22,Miercoles,Auto,Industrial,Media,20.231989554419446,Medio,Tormenta,Demorada
4.6974706861722275,29.518376684831463,0.26629879233207765,28.18451959246685,1,Lunes,Auto,Industrial,Baja,22.886800066630922,Bajo,Soleado,Exitosa
82.43745550530616,25.541489604781066,1.1355141556748547,18.04998643657035,23,Sabado,Auto,Urbana,Alta,1.3635750130738788,Medio,Nublado,Fallida
36.65887349971503,30.76698465401507,1.3792404733053942,25.610250064375897,13,Domingo,Moto,Urbana,Alta,19.398013318459856,Critico,Nieve,Fallida
13.578990752536594,1.3964540991316052,1.6013728115190566,-3.124719472892708,5,Domingo,Auto,Industrial,Media,6.802235532208337,Medio,Nublado,Demorada
52.702082745425635,43.670133492735495,0.4011003382453754,-1.1843592779388552,13,Miercoles,Moto,Suburbana,Baja,20.100976134227004,Bajo,Tormenta,Demorada
77.22936175676247,46.639854982938814,0.33579768193588044,27.2345524628207,3,Miercoles,Furgon,Urbana,Alta,14.049905578014405,Alto,Nublado,Fallida
22.366281722187473,28.474092587665844,0.21003111282846612,-1.7562048800596983,20,Lunes,Furgon,Rural,Baja,23.206582255946618,Alto,Soleado,Demorada
62.66615710608102,34.984215781906165,1.2732240688377297,-1.793447250563363,7,Miercoles,Moto,Urbana,Baja,3.7020244561678926,Medio,Soleado,Exitosa
9.449399034383031,46.16371936827613,1.4132449772473155,-4.455118614430065,2,Martes,Camioneta,Rural,Baja,18.78967054968585,Bajo,Nieve,Fallida
6.116490395692162,35.50831239851323,0.06414070350645844,38.0425629234766,18,Lunes,Furgon,Industrial,Media,8.354121867826569,Alto,Lluvia,Demorada
53.60410852524665,8.050682624255938,1.872488280241136,28.187876175655312,13,Miercoles,Auto,Urbana,Baja,25.589459859917746,Medio,Tormenta,Demorada
54.52287703940055,29.026273828257253,0.10489059601929336,10.896313382592886,19,Viernes,Moto,Suburbana,Alta,27.851505169089222,Medio,Tormenta,Demorada
64.10556024832245,30.532394795951365,1.0830513742668397,8.344101157944484,16,Sabado,Auto,Urbana,Baja,29.891948810371662,Bajo,Lluvia,Exitosa
72.8830420385435,21.494468229468108,1.4184119783823819,10.73664533856323,7,Miercoles,Auto,Urbana,Alta,23.880222072818498,Critico,Soleado,Demorada
97.60935586679092,36.95398966342378,1.742067278368425,29.85940890315318,23,Martes,Camioneta,Urbana,Baja,22.612022112840137,Medio,Soleado,Demorada
52.113734481818334,46.75116723106623,1.4284597773327232,24.76167749816865,13,Jueves,Auto,Industrial,Alta,6.465022766026531,Critico,Nublado,Demorada
32.97269082118335,46.31564138888543,1.6036544380565139,3.3338005540360562,5,Miercoles,Camioneta,Suburbana,Alta,10.080211769703261,Critico,Nieve,Fallida
79.72343328210167,22.816548884504538,0.6795609348930693,2.834920090033796,22,Domingo,Furgon,Urbana,Baja,13.970476252868385,Alto,Nieve,Fallida
27.81239287494535,6.105283269117385,1.6298354023792778,-0.5721957628971204,21,Domingo,Moto,Suburbana,Baja,23.20143143346749,Critico,Nieve,Fallida
44.458170649857976,49.24963934863556,0.1611495779229656,24.713622386560218,15,Domingo,Auto,Industrial,Alta,27.448975952339058,Bajo,Nublado,Exitosa
8.76718175288433,42.02545527907374,1.7897384954649946,29.396769799978117,18,Jueves,Moto,Rural,Urgente,5.674173000689539,Alto,Nieve,Fallida
3.5097235981302934,6.670802719561709,1.0956371599313186,6.927089274625182,13,Domingo,Auto,Urbana,Media,27.671024540103087,Alto,Lluvia,Demorada
96.30219305311458,46.08167318955993,1.634778242155025,-4.057476753608923,18,Viernes,Moto,Suburbana,Urgente,20.86873957062174,Alto,Nublado,Demorada
83.76203193070837,43.55986992207535,0.905184250752082,-1.3022749635607695,2,Miercoles,Auto,Suburbana,Urgente,18.32312192055116,Medio,Lluvia,Demorada
69.9014464032761,26.18248382774057,1.2875118126978533,38.55370156802637,9,Domingo,Auto,Industrial,Baja,5.995238138458186,Medio,Nublado,Exitosa
41.48634149701272,29.768134069373996,1.0532789192112904,8.295014986483912,18,Lunes,Auto,Urbana,Media,1.6657509842745166,Critico,Nieve,Fallida
18.156137687013732,20.25063384157145,1.4634474539889084,29.615041652716016,8,Jueves,Auto,Rural,Urgente,17.053946955238196,Alto,Lluvia,Demorada
16.487267224437517,3.210701121690551,0.16417833407914859,23.10986059844187,19,Viernes,Auto,Suburbana,Baja,19.545470499866774,Alto,Lluvia,Exitosa
25.77404691829494,17.092263461472097,0.12164381589713705,12.187283784380316,12,Lunes,Auto,Urbana,Urgente,6.3234434806406465,Bajo,Lluvia,Exitosa
55.373439805905925,40.241245705601564,0.4949593647862828,4.25592679879998,6,Lunes,Auto,Rural,Urgente,16.69368617476369,Critico,Nublado,Demorada
71.74499634730617,0.7292851387278415,0.31992981554626354,0.4623888171732897,13,Lunes,Auto,Suburbana,Baja,25.694802082877207,Bajo,Tormenta,Demorada
66.3595402950554,17.008208998711638,1.7436953496178111,22.675583561748997,8,Lunes,Auto,Suburbana,Baja,25.0519783636506,Critico,Nieve,Demorada
28.71345579764834,20.209350332751693,0.4392087607287306,29.858520128700462,22,Miercoles,Moto,Rural,Baja,27.820655417588917,Critico,Lluvia,Fallida
95.53166278565621,27.101082345427184,1.9517546463824436,23.97569140935088,18,Domingo,Camioneta,Rural,Media,10.976574286706413,Medio,Tormenta,Fallida
74.05179475288108,46.032853012431644,0.6744546877504426,18.863595996212123,14,Sabado,Auto,Industrial,Urgente,9.54148717652756,Medio,Nieve,Fallida
55.88105119862867,17.644126721115082,0.3650537134617099,-3.112194945576368,19,Miercoles,Camioneta,Urbana,Baja,22.48278017942426,Bajo,Nieve,Demorada
61.560353877200875,17.67418349386327,1.5796073157778157,38.58199499174727,13,Miercoles,Auto,Urbana,Alta,12.933372152910149,Critico,Lluvia,Demorada
42.5404061803512,37.006311781432544,1.3177568432262514,30.942138624455858,23,Viernes,Auto,Industrial,Urgente,2.626459920833418,Alto,Lluvia,Demorada
25.525367960614588,22.884788074045453,0.9968932371898249,8.176991651543414,5,Viernes,Moto,Suburbana,Alta,8.484033920114992,Medio,Nublado,Exitosa
36.2412951864749,11.617938735529107,1.1111717383243247,39.098664821148276,20,Domingo,Furgon,Rural,Media,12.557468565944674,Alto,Tormenta,Fallida
76.02676493597254,22.895756048568323,1.4386843547662553,22.084671533634495,3,Sabado,Furgon,Rural,Baja,8.77549276428756,Bajo,Tormenta,Fallida
2.424955374345831,7.472422508800093,0.4576810279212662,21.209019619326092,7,Viernes,Moto,Rural,Alta,9.966167128419649,Medio,Lluvia,Exitosa
12.491191410184708,9.231155832058054,1.9926714981974272,28.663293074328948,16,Domingo,Camioneta,Suburbana,Media,8.813277185231723,Medio,Nieve,Demorada
5.554261560153522,25.169204750604248,1.9496115311314195,31.529640464056193,8,Domingo,Furgon,Rural,Baja,1.2449750154923833,Critico,Lluvia,Fallida
5.032151429578043,21.23680975047512,1.3010010470075268,24.54153732991762,0,Martes,Moto,Rural,Alta,19.112841024733275,Bajo,Nieve,Fallida
85.69059781708971,45.78487210287095,0.39988535940736114,0.7643085864790011,23,Sabado,Moto,Industrial,Alta,17.91877261060408,Critico,Nieve,Fallida
70.66212807862235,18.43849800627334,1.3607762566201513,10.222037769752427,19,Viernes,Furgon,Suburbana,Media,19.60150495436042,Medio,Lluvia,Exitosa
47.94320907964519,29.23912333876315,0.1453246195493725,36.76376381467224,13,Sabado,Camioneta,Urbana,Baja,5.769296881008824,Bajo,Soleado,Exitosa
10.685581904449146,31.797082252016754,0.06227435190940633,5.107702532973336,10,Miercoles,Moto,Industrial,Baja,8.869636248374558,Medio,Tormenta,Demorada
49.6699716365664,1.148175601122515,0.5161080941339162,11.7475160726881,20,Miercoles,Auto,Industrial,Alta,18.58847780834767,Bajo,Nieve,Demorada
47.873705307276005,33.34509991482717,0.9257832905218933,14.443459732488819,2,Sabado,Camioneta,Urbana,Alta,17.988827053797642,Medio,Nieve,Fallida
18.146985121091504,9.312780360052695,1.7366767383113526,14.77322453625035,8,Martes,Camioneta,Industrial,Alta,15.189909280628035,Alto,Soleado,Exitosa
43.95131327455933,48.07298071473803,1.4546109704628496,22.582281212253648,13,Martes,Furgon,Suburbana,Baja,10.512397500305923,Alto,Nublado,Demorada
40.45196870533997,7.858805023779091,1.485670335878762,37.43841269851184,8,Sabado,Furgon,Rural,Media,27.3879301432407,Critico,Soleado,Fallida
61.96915970716943,21.023894124487676,0.8515611755617026,5.831172032462723,3,Viernes,Auto,Suburbana,Media,10.193107268965313,Alto,Soleado,Demorada
63.87427143589674,4.724808569892871,0.692524050101379,0.4675619335413126,3,Jueves,Moto,Urbana,Baja,13.668574693117549,Medio,Nieve,Demorada
5.4850969674324075,49.845275466374396,0.7427064872062208,3.8861720436971794,7,Martes,Furgon,Urbana,Urgente,20.343414928626263,Medio,Tormenta,Demorada
38.08664884802065,25.35865301139651,1.9753114779083796,34.911620509417126,1,Lunes,Furgon,Industrial,Media,16.290642926002924,Alto,Soleado,Demorada
62.960131655709404,29.971558357342168,0.08117827363355248,24.06148656948427,8,Miercoles,Camioneta,Suburbana,Alta,10.406579290931568,Critico,Nublado,Exitosa
50.810489599428685,3.8202856307271604,1.7341959607487747,7.865805515762206,13,Sabado,Furgon,Suburbana,Urgente,13.069343713695295,Alto,Lluvia,Exitosa
85.79249427764391,37.6230432847593,1.1577721417362143,31.717612253587774,21,Lunes,Furgon,Urbana,Urgente,23.834424535605184,Bajo,Soleado,Exitosa
66.21066953027555,10.890326858231495,0.8777922229599914,33.76164983635462,8,Sabado,Furgon,Suburbana,Media,8.343874664598372,Bajo,Soleado,Exitosa
17.130508281061537,44.95368732731533,1.4507900631698578,33.09314524106251,23,Domingo,Furgon,Urbana,Urgente,4.267657193304463,Bajo,Nublado,Demorada
7.986305992642555,10.654412203859355,0.973851213907981,36.35169401377995,22,Miercoles,Camioneta,Suburbana,Urgente,9.394896054893312,Alto,Tormenta,Fallida
64.59950854242524,9.939042172851495,1.7469730529252394,6.350845907801272,15,Miercoles,Auto,Suburbana,Media,25.48602646463704,Alto,Soleado,Exitosa
3.6246197436205594,2.3092085584806963,1.8015030261585057,28.976886793582523,16,Martes,Auto,Suburbana,Media,2.6696914456903995,Alto,Soleado,Exitosa
58.99178254607287,23.86731378294496,0.8440201328200374,15.7242773773363,15,Martes,Moto,Urbana,Urgente,29.750882201173553,Bajo,Tormenta,Exitosa
94.0827939010708,28.459636096499512,0.5543787666728681,32.88993488005277,11,Lunes,Furgon,Industrial,Alta,16.230086967829877,Critico,Nublado,Demorada
57.971943609712014,3.752577651703442,1.185108306858131,27.782080472272597,2,Domingo,Camioneta,Suburbana,Baja,29.54537231901282,Medio,Soleado,Demorada
39.42882269444567,38.888617026403026,1.8248143278877653,29.94013509248761,10,Sabado,Moto,Urbana,Urgente,28.169892662579326,Alto,Tormenta,Fallida
64.68553362579297,22.937797320027368,0.42211371582232754,24.527282695648218,13,Domingo,Moto,Urbana,Urgente,13.584411426327502,Critico,Soleado,Exitosa
46.36703615866015,26.45731833171521,1.2463102005434021,2.9842946261368093,17,Miercoles,Auto,Suburbana,Alta,5.954732238160473,Medio,Lluvia,Exitosa
55.01606214227756,22.317755973442292,1.2634888799649486,19.526211350362225,20,Lunes,Camioneta,Suburbana,Urgente,4.946543296954154,Medio,Nieve,Exitosa
94.20501606887599,20.337771513328637,1.4664929318081465,39.31013827860287,20,Jueves,Camioneta,Industrial,Urgente,7.199680916098725,Medio,Lluvia,Exitosa
39.22416114227665,28.202196399756787,0.2640038025693924,37.182462992370354,4,Lunes,Camioneta,Urbana,Baja,21.303979216936117,Critico,Soleado,Demorada
96.1578658185675,8.18439217357027,1.431934104399495,-3.057181889134475,15,Viernes,Auto,Urbana,Baja,8.188499841944635,Critico,Nublado,Demorada
90.6297135536503,9.50544245951592,1.8181560088106163,2.416666707824671,19,Lunes,Auto,Rural,Baja,10.24275808812895,Bajo,Nieve,Fallida
20.383322344140346,43.1583882401691,0.3601865346316137,0.927794805455286,4,Domingo,Auto,Urbana,Media,13.463364119838444,Critico,Lluvia,Fallida
7.86676878664138,47.33271537561482,0.4758491065228314,27.6690959493383,2,Viernes,Auto,Industrial,Media,27.39698041264369,Critico,Tormenta,Fallida
10.977022136365239,18.978811155847772,1.9428187929892375,31.800339843562526,11,Viernes,Auto,Rural,Baja,5.681802536545383,Critico,Nublado,Demorada
2.803960739503423,13.901861320605912,0.3627729284662701,4.608011483980237,0,Viernes,Furgon,Rural,Baja,0.15079657829409343,Medio,Lluvia,Fallida
10.349853114836911,32.37797739033128,1.7089158016457886,17.763371182832305,20,Jueves,Furgon,Rural,Media,1.8028923113451045,Alto,Tormenta,Fallida
68.61767056821932,20.73234146935577,0.9850634350396216,32.831636260504,8,Lunes,Camioneta,Suburbana,Alta,27.14299025040354,Bajo,Soleado,Exitosa
8.04767619756267,1.7566246051870706,0.4952149177319509,27.976069514481274,8,Domingo,Moto,Suburbana,Urgente,19.425493945300893,Alto,Tormenta,Demorada
32.578587399082366,8.229553569626422,1.7416290526437503,19.40067424713317,3,Lunes,Camioneta,Urbana,Urgente,8.191218579834203,Alto,Lluvia,Demorada
84.642655785976,35.94062532794618,0.8911652047503283,21.56564607064478,2,Jueves,Moto,Rural,Baja,5.315775030335733,Critico,Lluvia,Fallida
3.3039216378467606,33.11673512455249,1.0301198905054507,17.876224611232598,16,Miercoles,Auto,Industrial,Alta,8.82800209911343,Bajo,Soleado,Exitosa
81.63237977630465,1.8412516289224328,0.7191075054301317,8.389680309346925,1,Martes,Moto,Suburbana,Media,3.443907817538403,Alto,Tormenta,Fallida
28.903622702566594,11.487622015680998,1.18630875201842,20.425989678655725,23,Domingo,Camioneta,Industrial,Baja,28.245987308533234,Alto,Tormenta,Fallida
12.698317934543969,11.938202431109534,0.32788422129746053,25.99983859225408,0,Domingo,Camioneta,Industrial,Alta,23.526185230958006,Bajo,Soleado,Demorada
69.97697937105092,33.758690808137054,0.7827719917668697,34.299531213736344,7,Lunes,Moto,Suburbana,Alta,13.871735307376222,Critico,Tormenta,Fallida
63.26534183120852,1.4756716188410257,1.9388552323482398,23.633110929066163,12,Martes,Furgon,Suburbana,Alta,25.948878153456057,Alto,Soleado,Exitosa
87.86972933917824,5.653374808236405,0.517008731969554,29.25046916694211,22,Sabado,Auto,Suburbana,Media,7.483746128796969,Medio,Nublado,Demorada
73.7720333365847,40.09584622597287,1.3138165924180432,2.2032235729557845,14,Sabado,Auto,Suburbana,Media,21.513617054165806,Alto,Lluvia,Fallida
80.54461210810001,9.337960771689513,0.651054938385165,15.770086348890544,7,Jueves,Camioneta,Rural,Urgente,25.683974970412304,Medio,Nublado,Demorada
28.921422684559342,32.8109323386678,1.5471727782475146,-4.580077107780801,11,Sabado,Furgon,Rural,Urgente,10.703061348698178,Critico,Nieve,Fallida
18.56651483419256,12.290047661812963,0.2626164477759813,6.100548903473037,21,Domingo,Moto,Rural,Alta,22.72393336352153,Alto,Nieve,Fallida
75.31086041244498,5.422348941587585,1.939672269112011,27.69077718008522,11,Sabado,Auto,Rural,Alta,8.852170477929281,Bajo,Nieve,Fallida
80.87663918745913,12.537023454472978,0.9081252932258949,39.631447810721355,13,Miercoles,Furgon,Urbana,Media,8.965714057770924,Bajo,Soleado,Demorada
99.06000905806665,36.252213126855125,0.47286487622958145,-0.5369855185752845,14,Miercoles,Auto,Rural,Urgente,3.211715356625582,Alto,Tormenta,Fallida
41.84915001423122,42.85697517126115,0.1479199979126953,13.06724421375797,14,Miercoles,Furgon,Suburbana,Alta,13.201741395281962,Critico,Nublado,Demorada
37.82979049348553,41.595883296066084,0.340346052269994,31.00319359146218,8,Sabado,Furgon,Industrial,Urgente,21.891357194922666,Critico,Nublado,Demorada
77.8648831134577,20.160584716113515,1.0400281231634791,4.1816035583004485,18,Jueves,Camioneta,Rural,Urgente,28.20662416713855,Bajo,Nublado,Demorada
34.73955048504877,33.570214260246985,0.6746693496861413,19.97882271860288,19,Viernes,Auto,Urbana,Alta,18.113909757872882,Alto,Nublado,Demorada
93.1449752347529,10.646722623083138,1.6579378483993363,27.988208321335364,21,Viernes,Moto,Suburbana,Media,25.894066132072172,Critico,Nieve,Fallida
85.98286243245816,15.010812647920156,0.8623441597999502,22.719345261708057,7,Martes,Camioneta,Industrial,Alta,24.67483947870681,Bajo,Nublado,Exitosa
43.47040871012682,44.868623016795425,0.4981798309026722,3.4611130576937263,20,Viernes,Camioneta,Industrial,Alta,5.200291589258425,Medio,Tormenta,Demorada
75.33623571135824,1.1435952137814338,1.234672828221456,10.992305590858274,18,Viernes,Moto,Rural,Urgente,14.574522867378944,Alto,Nieve,Fallida
75.69974453438356,4.73267227729617,1.4138476565540061,30.27063030184287,5,Miercoles,Camioneta,Industrial,Alta,3.5077060657617443,Medio,Nublado,Demorada
11.209263014757328,10.790369629728353,0.33491677389399876,19.94019313594075,19,Miercoles,Furgon,Rural,Media,20.46459484684905,Medio,Soleado,Exitosa
90.3527377612771,1.813344091754076,0.33607081336034705,-4.764667390568927,18,Sabado,Furgon,Rural,Alta,28.49699004738228,Critico,Lluvia,Fallida
51.01998487233786,9.481054036944967,0.07430618244015241,29.244584201264225,3,Martes,Auto,Suburbana,Media,4.1126837423626945,Critico,Lluvia,Demorada
82.81928914466643,29.360557267999763,1.4730676281162154,-3.410989027689242,22,Lunes,Auto,Suburbana,Media,22.01649392407624,Critico,Lluvia,Fallida
32.68491050203056,21.36051525432865,1.3279452507159883,28.558020222905448,6,Domingo,Moto,Urbana,Urgente,18.967144526035828,Alto,Nieve,Demorada
89.65679962112385,44.687249698310254,0.949787120623878,4.111625207435683,3,Martes,Auto,Suburbana,Baja,17.50815111024299,Medio,Nublado,Demorada
39.53096619468215,40.96345630605283,1.6884967274894251,38.11330660537211,21,Martes,Furgon,Suburbana,Baja,11.703607040650176,Alto,Nieve,Fallida
2.0729274965495375,17.419958909044862,1.6115346357471563,11.557333808593803,11,Jueves,Moto,Rural,Urgente,10.653949432614377,Critico,Tormenta,Fallida
90.6328156655071,13.341459954848977,1.1711233744291074,9.711922735213559,12,Sabado,Moto,Suburbana,Alta,1.3574756705666358,Medio,Soleado,Demorada
10.037381001827223,19.29477420427971,1.736674289746004,1.6999622649600106,2,Jueves,Auto,Rural,Urgente,6.537261247560404,Alto,Soleado,Demorada
32.61205012145108,29.719599654482984,0.41247657886349975,8.75218969705967,21,Martes,Furgon,Rural,Media,0.45530646860480695,Alto,Lluvia,Fallida
95.05613473802968,13.769150220732374,0.22472731917605804,34.449284282269026,11,Martes,Moto,Suburbana,Baja,17.442513167460618,Bajo,Lluvia,Exitosa
95.11010754681806,31.395370938532135,0.5402294734224623,39.83504519322613,1,Martes,Furgon,Urbana,Urgente,3.175597076337265,Alto,Lluvia,Fallida
57.770350924205324,20.7658767834664,0.1151166253225404,11.573928872808175,23,Viernes,Furgon,Urbana,Alta,26.19058182089148,Critico,Nublado,Demorada
63.55188400481013,27.826335452173023,1.0628078864740629,15.187478392954414,1,Domingo,Furgon,Industrial,Urgente,15.694290620914957,Alto,Tormenta,Fallida
45.39610667585366,22.088263192198177,1.873274778897628,27.493192219123166,22,Domingo,Auto,Industrial,Baja,20.990697271761253,Medio,Tormenta,Fallida
30.02786639810839,15.076055097324925,0.07964773779635079,34.87881012092836,8,Jueves,Camioneta,Suburbana,Urgente,12.325712755214894,Alto,Tormenta,Demorada
33.53778999162168,47.44843869462676,0.24509771810604358,21.686995038405286,0,Martes,Camioneta,Urbana,Urgente,16.81739427003146,Bajo,Tormenta,Demorada
67.5793271516268,38.29848681090816,0.9049458575385871,12.61865641800232,7,Domingo,Moto,Rural,Baja,28.279775308998914,Medio,Lluvia,Demorada
75.48507841433032,7.435602200439401,1.8678161600382819,13.567982838188069,22,Miercoles,Furgon,Industrial,Media,2.4820211887101227,Medio,Soleado,Demorada
79.366325328859,43.48916480694668,0.6329960538485243,26.302816592356308,5,Domingo,Auto,Rural,Media,7.618133157710885,Bajo,Lluvia,Fallida
79.17219613666083,24.627844313350927,1.0149623825680965,-4.855178137807459,5,Sabado,Furgon,Industrial,Baja,23.39964980731633,Critico,Tormenta,Fallida
10.029404201820347,44.780335231257524,0.0841041452417338,22.881520185692832,21,Sabado,Furgon,Suburbana,Urgente,2.9621162064799753,Medio,Lluvia,Exitosa
49.94761016555557,40.0928351693921,0.29753805872321565,10.997185469861083,17,Domingo,Auto,Urbana,Baja,2.2698331171233255,Critico,Tormenta,Fallida
6.698317241647784,21.548068471227054,1.973273615794735,30.738879907468792,16,Miercoles,Camioneta,Industrial,Media,10.846241962621157,Medio,Nieve,Demorada
55.40335935004982,1.6122307618458112,1.930272274175655,-0.8154212079590533,11,Sabado,Furgon,Urbana,Alta,2.765038754172969,Medio,Soleado,Exitosa
44.71151963596432,13.799529289554831,0.010875021887884823,21.469102012677574,5,Viernes,Furgon,Rural,Urgente,17.552353266186092,Critico,Nieve,Fallida
88.88271409307168,27.31089362571291,1.9036717590610548,16.64378004487557,7,Domingo,Camioneta,Suburbana,Media,6.788257524497995,Medio,Nublado,Demorada
35.74058624265579,31.85717188139429,1.278600755693185,23.904648665735234,18,Viernes,Auto,Urbana,Urgente,26.87093889598117,Critico,Lluvia,Exitosa
12.58963462633298,13.265440428943513,1.7359686707455242,-2.0815882482664243,9,Domingo,Moto,Suburbana,Baja,23.505002425357702,Bajo,Nublado,Exitosa
15.15617652323075,7.398125666604795,0.9100249714120844,21.099270434265907,0,Lunes,Camioneta,Urbana,Alta,20.991156182984284,Critico,Lluvia,Demorada
76.38955254002975,41.829046721565305,1.0316764611299212,20.266806458178568,12,Lunes,Moto,Rural,Baja,18.508320821535058,Bajo,Nieve,Fallida
62.203588268309844,49.22790794482583,0.9782043139335835,20.229704248727693,16,Lunes,Moto,Rural,Alta,25.9039719102439,Medio,Tormenta,Fallida
11.011144936156235,26.52166402398295,1.3340616508346625,22.156944996840465,2,Sabado,Camioneta,Suburbana,Urgente,6.691861846282706,Critico,Tormenta,Fallida
9.326573805384745,8.998124649491023,0.2801628582578695,25.4410571751863,7,Viernes,Furgon,Rural,Urgente,26.193265282926827,Medio,Lluvia,Exitosa
70.39594401445288,13.979212662708763,0.06091720615548323,31.22450498563464,13,Viernes,Moto,Industrial,Baja,23.68476895272157,Critico,Tormenta,Fallida
8.203537630055159,1.4103384890996034,0.6165519532407907,7.141932405769646,2,Viernes,Moto,Urbana,Alta,22.444824791630566,Bajo,Nieve,Demorada
82.36414586974527,45.757790924744704,1.4096568447105566,32.12722345810279,15,Miercoles,Auto,Rural,Alta,16.837670342247723,Bajo,Tormenta,Fallida
70.91798048849313,6.328678603061986,0.4045050507937738,17.421505701855413,12,Viernes,Furgon,Industrial,Urgente,7.387324829118002,Critico,Nieve,Fallida
9.053529283548077,29.03756553795555,1.3471914342165097,-1.5323774389550975,19,Miercoles,Moto,Suburbana,Baja,12.70643747975689,Bajo,Nublado,Exitosa
9.398933694434,14.065733424016697,1.9398541801684337,-2.3652081840209362,23,Lunes,Auto,Industrial,Alta,23.80711963616405,Medio,Nieve,Fallida
98.67731827161637,27.931811124531773,0.18870753086304737,10.040724341322736,16,Lunes,Furgon,Suburbana,Urgente,0.9533545307197333,Medio,Soleado,Demorada
38.05280877985591,32.74530922341728,1.3455316343320274,30.32036397001604,12,Sabado,Camioneta,Suburbana,Media,23.461523077912748,Alto,Soleado,Demorada
37.6935725596222,41.57221928350648,0.8880566883898378,26.84564206334121,5,Domingo,Camioneta,Urbana,Baja,7.2021222146269945,Bajo,Soleado,Demorada
81.46715715849275,10.717852952149858,1.7364163665006331,30.48767341025829,16,Lunes,Auto,Urbana,Media,4.3292760216480906,Medio,Lluvia,Exitosa
94.777609161002,1.0442935185947837,0.35512242910532443,18.27710753987242,13,Domingo,Camioneta,Industrial,Baja,3.471039545409065,Critico,Lluvia,Demorada
98.61410531846421,7.27583868840596,1.3855592785001027,14.808954907997077,16,Domingo,Moto,Urbana,Urgente,0.8175003585244534,Bajo,Lluvia,Demorada
75.58444034063523,45.050922771481204,1.6763924640065724,1.6353637017827776,7,Sabado,Furgon,Urbana,Alta,15.707594556643587,Medio,Nieve,Fallida
38.24969896756066,43.757558839344505,1.8892838247285724,9.76867391241902,10,Martes,Moto,Urbana,Alta,6.5477961808118845,Bajo,Lluvia,Exitosa
9.266570953168207,30.07194855743026,1.3668128085510018,14.530871477824387,19,Martes,Moto,Industrial,Alta,29.682952973388947,Critico,Nublado,Demorada
77.93754467681624,30.225584591465843,0.9948523532528463,-1.0129806644172246,0,Jueves,Camioneta,Rural,Baja,17.233102676166173,Medio,Soleado,Fallida
56.2820207238447,33.41931539003965,1.2360766331622264,4.927537872004507,6,Sabado,Moto,Urbana,Urgente,4.136558080680313,Alto,Nieve,Fallida
42.99797891545065,9.180878291860754,1.7379410639729578,21.920138232868247,20,Jueves,Camioneta,Urbana,Media,20.66287622434096,Alto,Soleado,Exitosa
90.72908412437886,45.76339132328551,1.1416488835310206,28.104840140763542,20,Jueves,Furgon,Industrial,Urgente,26.93230699529176,Bajo,Lluvia,Exitosa
12.008550748308982,21.22914098215762,0.06174373233397689,39.92563801268273,16,Martes,Furgon,Rural,Media,22.35538486108843,Critico,Nieve,Fallida
49.769885324795055,19.465357148350122,1.8619664423184485,36.990099910460096,9,Sabado,Moto,Urbana,Baja,2.29319583118343,Medio,Tormenta,Demorada
2.1240108319744877,26.18642641150046,1.3793639753120908,23.91543397908362,10,Martes,Auto,Suburbana,Baja,26.876525435779786,Critico,Nublado,Exitosa
47.3974035574185,2.824815355365225,1.3533502581687158,13.95616239823324,21,Jueves,Camioneta,Industrial,Media,23.817881575798943,Medio,Lluvia,Exitosa
6.574024292501898,8.731026753425931,0.43213462964303667,23.627981411870472,8,Sabado,Camioneta,Urbana,Media,4.749117003168431,Bajo,Lluvia,Exitosa
12.76297371053912,37.03266401310534,1.3181120549950818,30.354322813610437,8,Jueves,Moto,Urbana,Media,1.553576661984506,Medio,Nublado,Demorada
12.635098430933382,4.59853406229376,0.7883349469026628,0.32512859155242957,23,Viernes,Camioneta,Suburbana,Urgente,16.719317259429253,Critico,Nublado,Demorada
65.27181990949029,30.356029418586214,1.3028147211059427,13.445720036332972,4,Domingo,Camioneta,Suburbana,Media,4.681074340199308,Critico,Tormenta,Fallida
74.85844304727691,12.644780929225387,0.21407946758567348,32.79110285360277,16,Sabado,Auto,Industrial,Baja,25.03772857785816,Bajo,Lluvia,Demorada
58.7535077446188,19.77013289507784,1.316032763901469,12.272482836986981,8,Sabado,Auto,Industrial,Baja,10.750039700150213,Critico,Lluvia,Demorada
96.25508229897964,14.790339970149644,1.9988280378155625,20.734252205223395,16,Domingo,Moto,Suburbana,Alta,27.38677334209726,Medio,Soleado,Demorada
38.112187372846705,18.105799465014982,0.09737586568225151,21.44962123879892,23,Jueves,Auto,Industrial,Media,16.970645164230174,Bajo,Nieve,Demorada
29.285496541904212,36.092772306620155,1.9543711942584132,3.3014313910137716,20,Viernes,Moto,Suburbana,Urgente,5.480171527190044,Medio,Nieve,Demorada
86.99131369075657,15.207524923347163,0.8144090134850184,11.300594874352978,18,Miercoles,Furgon,Urbana,Urgente,4.187966020794002,Critico,Soleado,Demorada
23.135988013425813,28.53702969469641,1.741636147224181,10.053007993386947,6,Domingo,Moto,Suburbana,Urgente,17.294173126732616,Bajo,Nieve,Demorada
96.35903140462052,24.064494908855433,1.5649885826324885,-3.8211481160570844,22,Martes,Furgon,Suburbana,Alta,22.856508355873316,Medio,Nublado,Demorada
2.203292994291818,33.35172268545108,1.134465505712349,-3.911370624889014,8,Jueves,Moto,Rural,Baja,23.445169432265462,Critico,Nieve,Fallida
97.01800384405627,46.87307209657552,1.4771599692934017,32.426366965409805,6,Domingo,Camioneta,Suburbana,Urgente,8.272722133238439,Critico,Nieve,Fallida
5.272831283107035,36.76231881190739,1.7571526070413945,7.288186448776559,12,Domingo,Auto,Suburbana,Baja,6.127402767365025,Alto,Soleado,Demorada
89.22316825610903,11.13954874024246,0.8088765029804149,18.313544480746696,10,Sabado,Furgon,Rural,Alta,0.5026891347714724,Critico,Tormenta,Fallida
53.24240979954369,2.0435651855335912,0.6547392899649142,8.442650811494786,13,Martes,Moto,Industrial,Media,20.37597453603508,Medio,Nieve,Demorada
99.30351481581073,13.482070192841341,1.3355191777416058,37.330566030190326,18,Martes,Auto,Rural,Media,2.2970477530061695,Bajo,Nieve,Fallida
8.305859908804488,29.956357569662615,1.615884037940576,6.668354148959818,10,Martes,Moto,Urbana,Media,12.622836052977775,Alto,Tormenta,Demorada
55.831574155730756,3.0455777674703923,1.5248079844184548,14.33455657325208,12,Domingo,Auto,Rural,Urgente,18.050464920548883,Critico,Soleado,Demorada
96.9609510262908,25.0701292364612,1.5958294840684104,34.27286127180708,13,Miercoles,Auto,Urbana,Media,28.11326834759031,Critico,Tormenta,Fallida
52.78668657284473,30.043721021386016,0.8717310463110531,32.88701050563139,12,Lunes,Moto,Industrial,Urgente,9.35406410867306,Critico,Soleado,Exitosa
63.31046517539099,17.04507259543956,1.6358505981338682,3.374563803082479,0,Jueves,Furgon,Rural,Alta,7.493164873395593,Medio,Nublado,Demorada
69.8791202094771,38.660154085418185,0.24129790168584628,31.118948940806966,7,Lunes,Furgon,Rural,Alta,19.624804628582954,Alto,Soleado,Demorada
45.99956541200955,5.776613530121704,1.089433706823738,15.618409903205169,11,Domingo,Camioneta,Industrial,Urgente,18.57717096160745,Medio,Nublado,Exitosa
63.12824992832228,4.219320195922534,0.012511562335745019,16.733599243840985,18,Lunes,Auto,Urbana,Baja,9.963293499243736,Alto,Nublado,Exitosa
58.84711688038692,36.54534343207837,0.6498470739706403,1.0065987587174705,11,Domingo,Camioneta,Rural,Media,27.843055065293598,Bajo,Soleado,Demorada
90.2146430386079,25.026820152206824,0.7335566082079243,-1.3729318809293907,7,Lunes,Camioneta,Urbana,Media,25.345869824688982,Medio,Lluvia,Demorada
5.4991916538043295,34.57591862317293,0.7929492105269016,27.757268813819437,7,Martes,Moto,Rural,Media,6.719476375952435,Medio,Soleado,Demorada
28.815355769630802,22.02395326088544,1.3912389461730343,17.34075185598849,20,Viernes,Moto,Suburbana,Urgente,7.174276363035696,Bajo,Nieve,Exitosa
95.09073692357931,12.696900645335788,0.7777276444394212,14.65828161768308,12,Martes,Moto,Rural,Alta,15.369010406612418,Alto,Nieve,Fallida
89.13611460520072,41.04556472487289,0.8979385516224389,27.827870289357854,11,Martes,Auto,Industrial,Media,23.20716305192161,Critico,Lluvia,Demorada
46.110018525785584,40.07108600896447,0.47585071761778064,29.44808045459994,15,Sabado,Moto,Industrial,Alta,1.3212113816539317,Bajo,Nublado,Demorada
62.39312718235214,34.887475307294125,0.7471303314670509,2.15086754512091,0,Sabado,Moto,Urbana,Media,20.8000546120412,Critico,Lluvia,Fallida
28.460737115132137,13.971184292883153,0.45531198489903985,22.46013172649386,12,Lunes,Auto,Rural,Media,19.44707692146291,Critico,Nieve,Fallida
19.62399481265237,29.71641801001981,0.14731865161311883,1.0909337024958488,6,Domingo,Auto,Urbana,Urgente,6.944402877389647,Bajo,Lluvia,Exitosa
46.906142089058235,18.368207898531328,1.2072937381693745,28.81187887130706,4,Martes,Furgon,Urbana,Baja,20.440590397240463,Alto,Soleado,Demorada
35.981870574579226,5.033312629668391,1.3367573843114775,24.562982032021278,7,Lunes,Moto,Suburbana,Urgente,28.20549573756248,Critico,Lluvia,Exitosa
58.78195507323633,45.90702198538102,1.2393612016732194,38.04765794875561,13,Sabado,Moto,Suburbana,Media,1.4035753491530556,Bajo,Nublado,Demorada
8.695729059533498,7.2725222304885895,0.9275245935573442,-1.8968892639610466,22,Viernes,Moto,Industrial,Media,9.589561658761877,Medio,Soleado,Demorada
97.46508595895048,47.53674901412972,0.7601917745782805,-2.432537548193556,12,Jueves,Furgon,Urbana,Baja,13.145301499990659,Medio,Tormenta,Fallida
98.63486370348069,22.57728576141881,1.7268039654940786,7.6984183611940065,14,Lunes,Moto,Industrial,Alta,26.97781076774069,Medio,Nieve,Demorada
